1629723600.0,50273.71000000,50279.69000000,50143.81000000,50205.01000000,379.62416300,1629724499999,19060599.18087575,12107,180.01008200,9038847.26933718,0
1629724500.0,50205.01000000,50237.65000000,50100.00000000,50193.14000000,446.52316200,1629725399999,22394588.25284825,11542,194.74307500,9767596.88316243,0
1629725400.0,50193.13000000,50273.85000000,50151.31000000,50212.33000000,368.76979000,1629726299999,18523156.30228447,10950,206.86672100,10391206.99850864,0
1629726300.0,50212.33000000,50249.47000000,50103.72000000,50163.15000000,337.03087600,1629727199999,16913348.23971597,10239,165.76605300,8319513.09586616,0
1629727200.0,50163.15000000,50218.73000000,50100.10000000,50218.72000000,418.03167700,1629728099999,20962319.63635487,12680,175.97531300,8824942.83689317,0
1629728100.0,50218.71000000,50331.27000000,50111.00000000,50111.00000000,433.87473800,1629728999999,21806532.94417124,14202,203.06364200,10206758.30711127,0
1629729000.0,50111.62000000,50117.84000000,49660.64000000,49816.78000000,1920.85295900,1629729899999,95695339.50745684,44240,836.88707800,41686171.84786669,0
1629729900.0,49816.77000000,49923.83000000,49693.00000000,49716.53000000,707.41274700,1629730799999,35236469.34201609,16985,343.15239900,17094844.63654441,0
1629730800.0,49716.54000000,49850.87000000,49547.00000000,49794.77000000,1021.51040300,1629731699999,50796034.97899542,40696,422.83545200,21026421.21209833,0
1629731700.0,49796.03000000,49904.01000000,49700.01000000,49729.06000000,476.14802100,1629732599999,23720265.41331479,31255,204.39832600,10184309.40125370,0
1629732600.0,49729.07000000,49739.29000000,49309.07000000,49575.06000000,1184.12517800,1629733499999,58650470.29014823,45079,483.89738700,23967243.39859763,0
1629733500.0,49575.06000000,49688.07000000,49501.00000000,49537.97000000,464.42206000,1629734399999,23029379.63026802,31378,219.64279200,10892102.13913767,0
1629734400.0,49536.85000000,49630.84000000,49441.58000000,49520.00000000,542.79691500,1629735299999,26892203.52052400,14320,275.43122200,13647172.91991911,0
1629735300.0,49519.99000000,49620.00000000,49483.05000000,49606.85000000,550.18862100,1629736199999,27271034.04706012,12900,325.81888900,16149349.63191275,0
1629736200.0,49606.85000000,49620.00000000,49451.80000000,49482.95000000,592.81496800,1629737099999,29377015.17682392,13952,210.96809200,10454996.94693322,0
1629737100.0,49482.95000000,49715.39000000,49345.67000000,49698.06000000,612.56126100,1629737999999,30310415.20978486,15603,317.36922700,15705193.29969004,0
1629738000.0,49698.07000000,49799.55000000,49615.49000000,49637.87000000,611.98731200,1629738899999,30417344.09766152,31537,336.90358300,16745829.37512410,0
1629738900.0,49637.87000000,49642.71000000,49508.00000000,49530.17000000,294.72632000,1629739799999,14610612.22823770,29806,130.72758000,6480614.89492125,0
1629739800.0,49530.17000000,49574.73000000,49452.00000000,49503.09000000,326.31274100,1629740699999,16154628.69021649,29162,157.39461900,7791859.26523239,0
1629740700.0,49503.08000000,49574.72000000,49400.00000000,49413.67000000,274.85926100,1629741599999,13603703.63392892,28548,122.20492600,6048590.42186883,0
1629741600.0,49413.67000000,49535.00000000,49371.27000000,49428.61000000,400.24167800,1629742499999,19787380.18503662,24630,191.32322800,9460013.97649293,0
1629742500.0,49428.61000000,49597.38000000,49380.79000000,49583.21000000,244.46069200,1629743399999,12096102.61051031,23642,147.11002500,7279410.03416520,0
1629743400.0,49583.22000000,49595.34000000,49520.00000000,49558.25000000,292.32578900,1629744299999,14486035.13684340,23476,145.13390600,7192117.19086598,0
1629744300.0,49558.25000000,49625.33000000,49405.57000000,49459.11000000,439.36391500,1629745199999,21747030.25013817,24968,185.87521000,9198777.23774106,0
1629745200.0,49459.10000000,49459.10000000,49109.64000000,49125.87000000,905.12402100,1629746099999,44581149.47074136,32898,379.27027200,18680870.62591622,0
1629746100.0,49125.87000000,49313.62000000,49077.00000000,49249.99000000,489.33424900,1629746999999,24077214.84856698,25387,258.08593300,12700037.82462492,0
1629747000.0,49249.99000000,49339.48000000,49179.11000000,49221.29000000,372.78989400,1629747899999,18356763.64670482,21316,195.16345800,9611646.74643671,0
1629747900.0,49221.28000000,49303.66000000,49173.99000000,49239.69000000,389.79427800,1629748799999,19195928.17037822,19753,225.86850300,11123570.52923450,0
1629748800.0,49240.01000000,49240.01000000,49029.00000000,49210.08000000,842.05328200,1629749699999,41358090.15544484,26955,463.21741200,22747546.44282638,0
1629749700.0,49210.08000000,49320.00000000,49180.95000000,49278.11000000,421.39220800,1629750599999,20757433.56301617,23300,232.20384900,11437885.23099571,0
1629750600.0,49278.11000000,49377.82000000,49213.55000000,49359.70000000,341.61233700,1629751499999,16831235.22347341,21383,176.92586700,8717244.47291426,0
1629751500.0,49359.71000000,49522.80000000,49290.13000000,49504.99000000,452.65474600,1629752399999,22367190.78252310,25686,237.88503900,11754731.69147523,0
1629752400.0,49505.00000000,49612.42000000,49406.27000000,49418.99000000,559.38071600,1629753299999,27701070.70992856,16067,251.13900800,12437852.96333814,0
1629753300.0,49419.00000000,49465.72000000,49334.19000000,49414.92000000,271.40942200,1629754199999,13410650.07552036,14433,126.32453000,6241916.35612103,0
1629754200.0,49414.92000000,49591.92000000,49383.68000000,49509.85000000,309.15019400,1629755099999,15304321.36158969,14933,174.24988800,8626268.43418545,0
1629755100.0,49509.89000000,49559.99000000,49459.00000000,49559.99000000,224.19574700,1629755999999,11096358.74321736,11484,115.26429600,5704639.45434399,0
1629756000.0,49559.99000000,49649.97000000,49390.73000000,49648.39000000,376.06859600,1629756899999,18614869.53864210,15916,160.83016400,7962470.53338503,0
1629756900.0,49648.39000000,49666.00000000,49552.19000000,49562.77000000,287.76045300,1629757799999,14269558.35309835,14160,116.50671400,5777968.30066179,0
1629757800.0,49562.77000000,49637.69000000,49503.51000000,49610.25000000,357.62579500,1629758699999,17724874.99688250,14150,143.42813600,7109707.77456317,0
1629758700.0,49610.26000000,49665.13000000,49577.91000000,49650.00000000,216.18580600,1629759599999,10725710.51510132,12056,99.36704400,4929896.95273169,0
1629759600.0,49649.99000000,49650.00000000,49550.03000000,49592.70000000,251.01489800,1629760499999,12448740.36069648,8832,107.44592900,5328422.53194662,0
1629760500.0,49592.70000000,49739.37000000,49570.00000000,49691.34000000,444.08615100,1629761399999,22054957.82019933,9835,258.93682500,12861170.57163473,0
1629761400.0,49691.35000000,49726.86000000,49566.09000000,49596.83000000,325.26693200,1629762299999,16146979.71640199,7575,161.61419100,8023003.56418615,0
1629762300.0,49596.83000000,49596.83000000,49430.28000000,49488.85000000,339.01784700,1629763199999,16782449.34531733,8274,164.83195300,8159653.68466871,0
1629763200.0,49488.85000000,49674.99000000,49367.42000000,49647.99000000,605.01295700,1629764099999,29963994.56943654,17591,289.45436800,14336368.95709657,0
1629764100.0,49648.00000000,49687.49000000,49456.00000000,49493.68000000,372.28007600,1629764999999,18454879.32785651,11549,177.92520500,8821286.38144526,0
1629765000.0,49493.68000000,49493.69000000,49151.02000000,49151.03000000,580.97937100,1629765899999,28626190.38700755,17576,291.46492400,14360634.69881975,0
1629765900.0,49151.02000000,49270.21000000,49002.78000000,49221.81000000,832.24866400,1629766799999,40866577.09726933,19079,365.33677600,17942635.85628113,0
1629766800.0,49221.80000000,49256.09000000,48800.00000000,48934.69000000,1272.65022200,1629767699999,62295211.36847030,31575,455.97574300,22323985.65176794,0
1629767700.0,48934.69000000,48968.25000000,48776.26000000,48968.25000000,720.22432600,1629768599999,35201574.05299100,20640,321.09966900,15694564.52101407,0
1629768600.0,48968.24000000,49104.78000000,48933.56000000,49101.75000000,493.12292600,1629769499999,24175523.80497070,18160,306.11382000,15006139.43043305,0
1629769500.0,49101.75000000,49105.26000000,48955.66000000,48956.97000000,352.52572400,1629770399999,17285562.36622895,14290,144.89632300,7104866.35336271,0
1629770400.0,48956.96000000,49164.14000000,48927.76000000,49157.74000000,444.06486200,1629771299999,21801975.92745294,15694,277.77233200,13636986.93939871,0
1629771300.0,49157.75000000,49224.92000000,49086.73000000,49213.31000000,311.98575900,1629772199999,15332023.50286445,14845,153.02255800,7520741.94750154,0
1629772200.0,49213.32000000,49217.65000000,49060.00000000,49139.17000000,271.42780800,1629773099999,13332063.34560514,14168,131.20912100,6444551.86004426,0
1629773100.0,49139.17000000,49215.05000000,49130.89000000,49195.55000000,242.86083700,1629773999999,11943470.92892446,12981,118.86219200,5845406.44374546,0
1629774000.0,49195.55000000,49325.18000000,49180.68000000,49229.99000000,644.73404800,1629774899999,31764924.43526110,14286,317.22719600,15628431.06092308,0
1629774900.0,49229.99000000,49299.63000000,49205.38000000,49266.69000000,243.17538500,1629775799999,11974253.64433286,6724,110.28132800,5430788.65972603,0
1629775800.0,49266.68000000,49367.65000000,49256.70000000,49302.60000000,318.20629800,1629776699999,15692684.67645648,8727,157.97417300,7790404.06225468,0
1629776700.0,49302.59000000,49384.70000000,49300.49000000,49331.16000000,217.84456100,1629777599999,10749227.48228467,7915,105.25427100,5193622.55705074,0
1629777600.0,49331.17000000,49470.00000000,49252.20000000,49303.12000000,368.89482500,1629778499999,18196967.12690460,10798,195.05010800,9621504.85047399,0
1629778500.0,49303.11000000,49346.89000000,49166.88000000,49237.92000000,291.86905200,1629779399999,14370964.50185028,7841,125.48577600,6178861.72132245,0
1629779400.0,49237.92000000,49541.75000000,49232.88000000,49541.68000000,394.55803300,1629780299999,19499365.14332721,10530,241.52787900,11937211.47138307,0
1629780300.0,49541.69000000,49571.55000000,49472.77000000,49479.72000000,344.74464500,1629781199999,17067565.31657915,9898,151.75798800,7513602.92671611,0
1629781200.0,49479.73000000,49520.00000000,49432.07000000,49459.34000000,234.62344300,1629782099999,11605655.24734275,9089,106.88998700,5287392.93915843,0
1629782100.0,49459.34000000,49556.70000000,49439.83000000,49446.30000000,285.65249900,1629782999999,14138865.30773932,6844,122.73258700,6075513.93373351,0
1629783000.0,49446.31000000,49605.56000000,49444.14000000,49562.88000000,329.12851500,1629783899999,16300059.98102930,7862,179.49045600,8888954.61414507,0
1629783900.0,49562.87000000,49634.54000000,49520.00000000,49557.77000000,295.73761100,1629784799999,14660341.71052864,8979,162.78396700,8068726.98598724,0
1629784800.0,49557.76000000,49645.00000000,49483.85000000,49643.39000000,307.23642100,1629785699999,15228981.99633939,18021,150.23887900,7446408.87129230,0
1629785700.0,49643.38000000,49683.01000000,49600.52000000,49663.80000000,304.46383500,1629786599999,15116071.66337810,17227,155.16391200,7703749.63855418,0
1629786600.0,49663.80000000,49766.00000000,49629.35000000,49678.79000000,548.53623000,1629787499999,27262842.09616107,19818,242.22582900,12039890.23006000,0
1629787500.0,49678.79000000,49800.00000000,49673.43000000,49791.98000000,379.79946700,1629788399999,18888005.63199430,18709,231.26852100,11501508.24680083,0
1629788400.0,49791.97000000,49860.00000000,49772.14000000,49778.92000000,546.47587200,1629789299999,27222205.97991843,26398,283.69018400,14132084.35239866,0
1629789300.0,49778.92000000,49830.64000000,49743.06000000,49805.79000000,299.98778800,1629790199999,14934710.43248652,22946,135.27410100,6734736.47581628,0
1629790200.0,49805.78000000,49835.00000000,49738.26000000,49738.27000000,227.15177800,1629791099999,11306434.48838123,21789,104.92706500,5222963.89905206,0
1629791100.0,49738.26000000,49794.00000000,49645.33000000,49770.13000000,299.38229300,1629791999999,14883388.18667608,23012,138.72726800,6897185.25654047,0
1629792000.0,49770.13000000,49834.00000000,49717.52000000,49719.53000000,308.95770400,1629792899999,15379918.70021547,22467,141.59251900,7048452.86395831,0
1629792900.0,49719.53000000,49731.23000000,49546.91000000,49594.26000000,423.20037400,1629793799999,21005838.52822776,24165,169.94654100,8434088.92273905,0
1629793800.0,49594.26000000,49778.63000000,49594.25000000,49702.40000000,262.46562300,1629794699999,13044595.79717680,20934,131.80488700,6550290.65173830,0
1629794700.0,49702.40000000,49742.80000000,49620.00000000,49673.44000000,279.93254200,1629795599999,13908867.72731644,21429,125.83541300,6251949.94815890,0
1629795600.0,49673.43000000,49720.00000000,49628.14000000,49628.14000000,247.01242700,1629796499999,12274447.76597963,12358,114.80664100,5705250.56562374,0
1629796500.0,49628.15000000,49642.99000000,49499.39000000,49541.58000000,413.02589500,1629797399999,20474865.43755352,16258,173.59378400,8606484.89775683,0
1629797400.0,49541.58000000,49719.35000000,49537.12000000,49643.53000000,268.66101600,1629798299999,13341250.36534659,13334,130.56624700,6482629.10595658,0
1629798300.0,49643.53000000,49659.53000000,49561.88000000,49594.18000000,284.99060700,1629799199999,14138220.67406366,12152,127.37741700,6319078.94480103,0
1629799200.0,49594.17000000,49800.00000000,49594.17000000,49799.99000000,300.76803700,1629800099999,14942053.03942013,8580,188.37826100,9359240.13508135,0
1629800100.0,49799.99000000,49846.00000000,49469.40000000,49509.42000000,426.21987500,1629800999999,21158036.75820041,11324,185.04737500,9184691.73070140,0
1629801000.0,49509.42000000,49556.36000000,49277.52000000,49386.63000000,482.94165500,1629801899999,23847027.79163305,13648,221.56633300,10940734.00597412,0
1629801900.0,49386.62000000,49426.99000000,49245.17000000,49283.07000000,419.47150500,1629802799999,20689040.34573205,10074,194.68433400,9602116.22349008,0
1629802800.0,49283.07000000,49330.00000000,49102.09000000,49149.95000000,537.93085900,1629803699999,26465742.12606815,14359,245.38545300,12072918.23756611,0
1629803700.0,49149.95000000,49249.01000000,49060.00000000,49243.21000000,556.57977000,1629804599999,27365499.10797383,11483,283.73346100,13951698.07296801,0
1629804600.0,49243.20000000,49332.62000000,49202.02000000,49325.80000000,282.43257700,1629805499999,13919248.36762048,8659,140.46697900,6923340.68037897,0
1629805500.0,49325.80000000,49458.01000000,49325.79000000,49429.99000000,291.59151300,1629806399999,14397811.38424069,8503,153.95414500,7601853.22184990,0
1629806400.0,49430.00000000,49455.92000000,49219.69000000,49244.05000000,418.38824500,1629807299999,20631892.07588640,10052,182.06189000,8977816.55058201,0
1629807300.0,49244.05000000,49428.57000000,49128.16000000,49153.80000000,484.29186200,1629808199999,23861509.43168456,12784,204.23940900,10060919.58768461,0
1629808200.0,49153.80000000,49248.60000000,49028.54000000,49228.02000000,533.95960300,1629809099999,26234892.31464248,13707,283.04546100,13907379.17123060,0
1629809100.0,49228.01000000,49333.33000000,49126.75000000,49333.33000000,343.72612800,1629809999999,16924143.89993620,9894,173.64780200,8549931.27431693,0
1629810000.0,49333.33000000,49395.02000000,49120.77000000,49120.78000000,571.26341400,1629810899999,28134298.49400226,10984,267.63317600,13180843.20891191,0
1629810900.0,49120.78000000,49166.28000000,48810.00000000,48819.39000000,988.82905800,1629811799999,48411525.08498294,24498,459.76882700,22504418.27713858,0
1629811800.0,48819.39000000,48820.30000000,48466.27000000,48571.85000000,2063.69330700,1629812699999,100279662.22900877,50234,945.40743500,45935137.68059055,0
1629812700.0,48571.86000000,48650.50000000,48392.26000000,48597.19000000,1563.89272200,1629813599999,75920379.13923312,31376,836.33014700,40604226.59366020,0
1629813600.0,48597.18000000,48599.26000000,48419.49000000,48427.84000000,1101.67277900,1629814499999,53441164.45141935,41549,613.74421300,29772944.87817255,0
1629814500.0,48427.84000000,48641.39000000,48300.00000000,48578.10000000,1360.99253800,1629815399999,65989726.01021000,55732,714.54508100,34653749.77212002,0
1629815400.0,48578.10000000,48719.12000000,48542.84000000,48706.92000000,742.19559200,1629816299999,36109881.26361080,34637,419.85659400,20428348.21848887,0
1629816300.0,48706.92000000,48706.93000000,48480.00000000,48529.58000000,763.16258400,1629817199999,37085021.03763644,34468,326.12752800,15847953.80147539,0
1629817200.0,48529.59000000,48608.84000000,48407.01000000,48503.03000000,704.69154400,1629818099999,34180186.13245288,39926,328.01282200,15910517.72787481,0
1629818100.0,48503.03000000,48553.40000000,48362.00000000,48549.99000000,614.36417400,1629818999999,29768078.58330019,38096,295.70745700,14329218.34759460,0
1629819000.0,48550.00000000,48550.00000000,48328.00000000,48482.90000000,705.99937600,1629819899999,34192242.20115841,38411,383.48853000,18570621.20910751,0
1629819900.0,48482.89000000,48488.86000000,48210.98000000,48310.74000000,925.02762400,1629820799999,44700852.33064439,45470,491.25098000,23739175.30833487,0
1629820800.0,48310.73000000,48406.26000000,48105.44000000,48105.49000000,1565.00078300,1629821699999,75517246.86038750,36784,744.71680700,35934593.22827950,0
1629821700.0,48105.50000000,48205.20000000,47749.10000000,48109.32000000,3467.94893300,1629822599999,166297963.25790409,74352,1484.74798400,71197000.09196294,0
1629822600.0,48109.33000000,48260.71000000,48003.10000000,48056.63000000,770.16804000,1629823499999,37082451.00927883,22612,358.26128500,17252446.68578730,0
1629823500.0,48056.64000000,48092.81000000,47850.01000000,47950.37000000,658.82034900,1629824399999,31603574.58412141,19873,334.42937400,16043682.05903771,0
1629824400.0,47950.36000000,48359.54000000,47865.94000000,48139.02000000,929.01428600,1629825299999,44699170.93797352,20898,451.41726400,21722951.10428876,0
1629825300.0,48139.02000000,48329.74000000,48070.33000000,48218.82000000,489.63703100,1629826199999,23605226.86357923,14629,243.24020700,11726686.91891231,0
1629826200.0,48218.83000000,48253.50000000,48120.58000000,48141.03000000,324.54128200,1629827099999,15633357.36510544,10227,149.16751800,7185734.52580592,0
1629827100.0,48141.03000000,48145.20000000,47969.78000000,48001.01000000,504.73298300,1629827999999,24251448.56409590,13110,230.09387600,11056746.90887118,0
1629828000.0,48001.00000000,48100.00000000,47870.00000000,47926.70000000,458.97631400,1629828899999,22025633.23028998,14498,211.96296800,10173295.31696295,0
1629828900.0,47926.70000000,48180.00000000,47926.69000000,47980.00000000,448.27705700,1629829799999,21544989.93842024,11517,234.00097700,11245100.36602305,0
1629829800.0,47980.01000000,48131.88000000,47800.00000000,48093.01000000,648.69185700,1629830699999,31098438.10330745,13965,387.86943800,18597399.12127229,0
1629830700.0,48093.01000000,48197.88000000,47940.00000000,48182.07000000,389.28438200,1629831599999,18709220.73883374,11386,209.42823500,10066632.83587694,0
1629831600.0,48182.06000000,48402.84000000,48111.00000000,48137.96000000,618.86725600,1629832499999,29838313.82627571,14752,342.40125100,16513617.93572558,0
1629832500.0,48137.97000000,48137.97000000,47904.61000000,47954.13000000,354.08556700,1629833399999,16996104.85430637,10992,141.38583900,6785163.09183289,0
1629833400.0,47954.14000000,48129.99000000,47906.00000000,47977.03000000,284.23513800,1629834299999,13644769.45324521,9531,148.40778900,7124201.56266730,0
1629834300.0,47977.03000000,48422.12000000,47977.03000000,48243.20000000,803.43434300,1629835199999,38780055.75225934,17663,459.13345400,22157254.17199384,0
1629835200.0,48243.20000000,48307.79000000,48039.62000000,48305.09000000,369.20224500,1629836099999,17779185.92065543,10723,159.44237700,7678161.91868493,0
1629836100.0,48305.10000000,48364.22000000,48186.00000000,48337.40000000,308.72727700,1629836999999,14902776.69879399,9819,153.33598700,7402813.79453035,0
1629837000.0,48337.41000000,48390.16000000,48250.00000000,48292.00000000,345.62556200,1629837899999,16702434.42193950,9953,158.24869100,7647607.29955847,0
1629837900.0,48292.01000000,48363.00000000,48250.00000000,48335.58000000,218.77874100,1629838799999,10568399.26891293,7573,114.19200800,5516307.40724781,0
1629838800.0,48335.57000000,48398.57000000,48169.04000000,48232.63000000,245.63151000,1629839699999,11859732.96278865,10307,116.74347800,5637138.66188860,0
1629839700.0,48232.64000000,48312.59000000,48128.45000000,48255.35000000,243.52637400,1629840599999,11738885.81433344,9860,117.37159600,5656874.84572786,0
1629840600.0,48255.35000000,48295.34000000,48182.16000000,48211.28000000,189.18710000,1629841499999,9123017.23095815,8419,99.62221300,4803840.00955094,0
1629841500.0,48211.27000000,48211.28000000,47959.00000000,48194.32000000,349.13150300,1629842399999,16780798.07182644,11476,153.77141100,7392647.00186440,0
1629842400.0,48194.31000000,48305.00000000,48109.09000000,48260.87000000,320.17180600,1629843299999,15450336.68287605,9606,146.88277300,7086658.06879447,0
1629843300.0,48260.88000000,48364.56000000,48222.05000000,48262.16000000,267.82952400,1629844199999,12936916.48836757,8825,139.06593700,6717458.68641699,0
1629844200.0,48262.15000000,48287.10000000,48139.49000000,48206.12000000,182.02494500,1629845099999,8771647.06828966,7134,86.39500900,4162839.12698423,0
1629845100.0,48206.12000000,48338.98000000,48142.74000000,48327.03000000,210.33263500,1629845999999,10150205.89016704,8151,117.49029800,5670656.31947864,0
1629846000.0,48327.04000000,48404.19000000,48204.47000000,48250.07000000,291.98970600,1629846899999,14107406.49235138,9874,149.51907300,7225706.03735919,0
1629846900.0,48250.07000000,48257.28000000,48018.00000000,48053.02000000,346.48750500,1629847799999,16664189.74720911,10529,166.84554500,8022916.42512001,0
1629847800.0,48050.92000000,48150.00000000,47845.52000000,47852.44000000,433.86125600,1629848699999,20829420.75313395,12684,197.22595100,9472896.15609832,0
1629848700.0,47852.44000000,47907.99000000,47600.00000000,47674.01000000,922.45279800,1629849599999,44025516.38780922,24068,391.39518200,18682890.40489431,0
1629849600.0,47674.01000000,47963.03000000,47652.36000000,47945.22000000,684.86141300,1629850499999,32755348.61358234,16587,364.28877100,17424217.75310104,0
1629850500.0,47945.22000000,48123.70000000,47772.56000000,47808.54000000,533.00908100,1629851399999,25548467.19536447,14418,260.13223400,12469100.74847430,0
1629851400.0,47808.53000000,48085.12000000,47808.53000000,47953.83000000,329.21979200,1629852299999,15791994.97788406,11711,178.75819600,8573913.37834878,0
1629852300.0,47953.83000000,48099.47000000,47928.58000000,48007.86000000,202.90252200,1629853199999,9748944.90165919,8665,99.47696800,4779570.03674034,0
1629853200.0,48007.87000000,48009.22000000,47718.16000000,47813.26000000,308.27192200,1629854099999,14748915.49275513,10261,130.30863700,6234364.80365560,0
1629854100.0,47813.26000000,47908.69000000,47739.45000000,47823.60000000,367.46648900,1629854999999,17574339.28396312,7977,163.52033400,7823069.46580481,0
1629855000.0,47823.59000000,48035.98000000,47793.27000000,48029.74000000,274.78283400,1629855899999,13168598.01522564,7685,133.73237400,6409265.17657050,0
1629855900.0,48029.74000000,48169.56000000,47988.27000000,48156.17000000,509.95689200,1629856799999,24518429.95596133,10932,219.16062400,10535573.15710646,0
1629856800.0,48156.16000000,48267.31000000,48105.09000000,48208.51000000,334.25455800,1629857699999,16110907.00388360,10397,169.95878100,8191855.55203663,0
1629857700.0,48208.51000000,48208.51000000,48033.27000000,48100.01000000,276.44130900,1629858599999,13299883.46576217,7599,100.28101200,4824024.12250252,0
1629858600.0,48100.00000000,48269.50000000,48096.16000000,48246.57000000,307.62736900,1629859499999,14828022.76826538,9492,159.13159300,7670192.91915048,0
1629859500.0,48246.57000000,48290.20000000,48184.41000000,48201.23000000,258.59000800,1629860399999,12475130.35215551,7278,95.93093900,4628062.10470515,0
1629860400.0,48201.24000000,48248.24000000,48120.00000000,48135.90000000,270.20665000,1629861299999,13018897.71968324,16033,112.33131200,5412870.28882371,0
1629861300.0,48135.89000000,48274.85000000,48117.73000000,48250.65000000,211.44764500,1629862199999,10186781.74289994,15927,105.51209200,5083332.19561057,0
1629862200.0,48250.65000000,48275.00000000,48132.05000000,48191.09000000,194.83945400,1629863099999,9392038.21782459,15826,72.47056400,3493312.18376392,0
1629863100.0,48191.08000000,48248.23000000,47965.00000000,47975.93000000,344.78694000,1629863999999,16568531.86762748,19908,126.72498700,6087540.08072821,0
1629864000.0,47975.93000000,48245.00000000,47940.02000000,48155.56000000,275.93049500,1629864899999,13278163.34595101,9139,141.62429600,6815340.92163962,0
1629864900.0,48155.56000000,48230.00000000,47964.34000000,47978.77000000,304.60717900,1629865799999,14644463.23755597,7687,141.97002300,6822734.68691175,0
1629865800.0,47978.78000000,48090.42000000,47954.14000000,48052.78000000,253.87318800,1629866699999,12190857.70996198,7034,130.37241700,6260353.48317457,0
1629866700.0,48052.78000000,48135.01000000,47886.12000000,48003.51000000,240.91341200,1629867599999,11564724.31101955,7581,100.68982900,4834245.37360763,0
1629867600.0,48003.51000000,48146.90000000,47994.76000000,48137.17000000,183.00878600,1629868499999,8802695.87763785,7232,102.55471100,4932455.64674332,0
1629868500.0,48137.18000000,48239.82000000,48128.99000000,48195.57000000,291.41272400,1629869399999,14042630.71657975,7456,162.52782000,7831838.98661737,0
1629869400.0,48195.57000000,48378.65000000,48195.57000000,48349.40000000,455.86995000,1629870299999,22018858.80672582,10474,252.19578400,12182409.24136453,0
1629870300.0,48349.41000000,48564.08000000,48309.99000000,48520.02000000,673.31547600,1629871199999,32633612.59943316,14209,321.09412600,15560792.06794689,0
1629871200.0,48520.03000000,48603.84000000,48392.00000000,48439.96000000,621.36300900,1629872099999,30139556.89026885,19268,337.18594500,16356956.20035826,0
1629872100.0,48439.96000000,48474.64000000,48320.10000000,48397.39000000,220.54003800,1629872999999,10668607.86569470,15491,111.50212000,5393691.67854267,0
1629873000.0,48397.39000000,48461.47000000,48333.00000000,48449.99000000,248.26409700,1629873899999,12015591.93939876,15405,128.47316100,6217987.63718245,0
1629873900.0,48450.00000000,48468.75000000,48302.05000000,48307.98000000,214.12213800,1629874799999,10358741.24429591,15109,101.48726900,4910212.09584882,0
1629874800.0,48307.97000000,48434.77000000,48306.69000000,48399.99000000,256.71367400,1629875699999,12422682.37867958,18172,120.63165200,5837339.92248313,0
1629875700.0,48399.99000000,48505.27000000,48358.36000000,48362.23000000,338.30055900,1629876599999,16389439.99037977,20109,144.03595800,6978347.82606559,0
1629876600.0,48362.23000000,48381.85000000,48000.00000000,48091.44000000,626.76857300,1629877499999,30201739.04984116,26000,228.05405600,10991491.18775761,0
1629877500.0,48091.43000000,48177.99000000,48036.97000000,48144.58000000,411.38948300,1629878399999,19797860.84717719,21155,208.34119300,10027544.78809866,0
1629878400.0,48144.58000000,48169.43000000,47921.81000000,47970.86000000,561.85688800,1629879299999,26979587.82629335,14627,243.35529100,11684422.44561801,0
1629879300.0,47970.85000000,47983.80000000,47730.00000000,47879.99000000,723.82436200,1629880199999,34654530.69687104,14984,278.55792900,13338883.84514753,0
1629880200.0,47880.00000000,47942.61000000,47515.00000000,47550.77000000,1102.55193500,1629881099999,52571828.14463231,26628,484.65025900,23107187.12189386,0
1629881100.0,47550.77000000,47598.77000000,47259.42000000,47277.48000000,1453.84594900,1629881999999,68938659.31948682,36991,630.83243700,29914324.15815662,0
1629882000.0,47274.52000000,47800.74000000,47200.00000000,47458.47000000,1315.66821300,1629882899999,62359169.39641303,37696,712.59378500,33787164.82122920,0
1629882900.0,47458.46000000,47566.74000000,47309.00000000,47317.97000000,764.73385100,1629883799999,36294128.36208174,24866,301.32328200,14301749.80389151,0
1629883800.0,47317.97000000,47429.37000000,47126.28000000,47199.98000000,1536.92048800,1629884699999,72648733.69894261,33561,530.97920800,25098689.51267079,0
1629884700.0,47199.99000000,47317.98000000,47160.01000000,47245.94000000,470.05858000,1629885599999,22204482.67816896,20089,237.62700200,11225601.19825436,0
1629885600.0,47245.95000000,47366.11000000,47168.34000000,47346.97000000,627.54470600,1629886499999,29663711.83421799,22226,344.70797500,16291187.15192386,0
1629886500.0,47346.97000000,47519.43000000,47313.13000000,47484.02000000,572.20821900,1629887399999,27131875.33721362,24906,303.91232700,14411273.60061557,0
1629887400.0,47484.01000000,47589.82000000,47425.40000000,47568.37000000,431.54788800,1629888299999,20496147.76773905,22244,190.09219600,9029633.20874938,0
1629888300.0,47574.99000000,47578.00000000,47454.74000000,47464.39000000,407.47521000,1629889199999,19359570.38373873,21266,176.26883100,8374857.20820735,0
1629889200.0,47464.39000000,47527.43000000,47350.33000000,47367.62000000,471.48502900,1629890099999,22373319.35494763,11807,191.20624300,9072837.81959402,0
1629890100.0,47367.62000000,47518.87000000,47365.00000000,47456.83000000,267.91322600,1629890999999,12715140.68886959,9405,116.71771200,5539212.99924927,0
1629891000.0,47456.82000000,47560.74000000,47450.82000000,47553.85000000,533.81569200,1629891899999,25359211.93969320,10315,360.24863000,17113911.63997240,0
1629891900.0,47553.85000000,47643.00000000,47509.50000000,47570.01000000,327.60637600,1629892799999,15587636.95946188,9711,173.17556400,8240152.69767454,0
1629892800.0,47570.01000000,47679.56000000,47440.00000000,47615.64000000,597.35882000,1629893699999,28403419.32878805,16693,372.24843100,17700274.93538887,0
1629893700.0,47615.63000000,47738.83000000,47615.63000000,47695.04000000,407.39406200,1629894599999,19425141.80967333,16624,203.18646800,9688960.34014411,0
1629894600.0,47695.03000000,47727.06000000,47550.59000000,47631.04000000,381.79814300,1629895499999,18191188.20397688,15111,163.36950800,7783739.11688754,0
1629895500.0,47631.04000000,47824.00000000,47631.04000000,47770.01000000,437.59322200,1629896399999,20899350.49739390,17299,234.86368700,11215639.72307426,0
1629896400.0,47770.01000000,47899.99000000,47770.00000000,47804.80000000,512.93058900,1629897299999,24538047.07375797,15220,248.88900500,11907287.24275232,0
1629897300.0,47804.80000000,47849.88000000,47694.11000000,47828.03000000,425.45983600,1629898199999,20324920.52349688,12420,211.76661200,10116739.80900812,0
1629898200.0,47828.04000000,47877.83000000,47727.74000000,47749.97000000,558.22164400,1629899099999,26690336.44109288,13446,301.11120600,14397954.48341774,0
1629899100.0,47749.98000000,47837.47000000,47612.23000000,47671.76000000,558.61656300,1629899999999,26656367.91253783,13030,240.09505500,11454556.67552906,0
1629900000.0,47671.76000000,47676.18000000,47324.99000000,47439.59000000,733.46367200,1629900899999,34798303.90516572,20819,287.50138500,13639105.21490187,0
1629900900.0,47439.59000000,48088.58000000,47433.07000000,47970.80000000,1016.76575900,1629901799999,48686121.56525598,23416,597.24790400,28596372.64860592,0
1629901800.0,47970.79000000,48397.77000000,47930.00000000,48303.90000000,1208.27432400,1629902699999,58285675.71540953,28127,623.71680200,30083703.84454518,0
1629902700.0,48303.91000000,48485.00000000,48234.76000000,48445.35000000,875.79346300,1629903599999,42385461.00308994,22742,432.55488100,20934366.23681799,0
1629903600.0,48445.35000000,48547.12000000,48350.00000000,48491.98000000,948.06632800,1629904499999,45927278.79553924,40206,518.50382400,25120435.75009644,0
1629904500.0,48491.98000000,48509.52000000,48283.77000000,48447.27000000,603.99583500,1629905399999,29236328.58261679,33933,254.14147800,12300296.32599227,0
1629905400.0,48447.26000000,48526.72000000,48326.69000000,48465.73000000,620.17500700,1629906299999,30032040.07088750,33501,265.49705600,12856081.45805613,0
1629906300.0,48465.59000000,48900.00000000,48447.35000000,48822.49000000,1167.93598900,1629907199999,56926921.00513142,49149,642.02501400,31295605.59333529,0
1629907200.0,48817.41000000,48853.74000000,48653.60000000,48692.91000000,743.74080900,1629908099999,36259986.46044182,26924,327.58731100,15970934.93051163,0
1629908100.0,48692.91000000,48786.56000000,48674.57000000,48683.62000000,412.83997900,1629908999999,20116443.58258392,22594,196.85328300,9592288.83347977,0
1629909000.0,48683.63000000,48749.99000000,48600.59000000,48614.19000000,493.24782100,1629909899999,24013931.10631977,20572,223.09750100,10863131.59846929,0
1629909900.0,48614.19000000,48759.12000000,48608.51000000,48718.71000000,298.34271300,1629910799999,14530806.60754546,18299,164.60069800,8016885.42492064,0
1629910800.0,48718.71000000,48735.40000000,48620.00000000,48641.38000000,353.41228200,1629911699999,17203953.52227906,13948,189.99021500,9248416.12074161,0
1629911700.0,48641.38000000,48683.61000000,48507.71000000,48635.46000000,366.01144400,1629912599999,17788534.06243589,16022,178.25233700,8663880.82315804,0
1629912600.0,48635.45000000,49062.20000000,48630.00000000,49026.48000000,813.02152300,1629913499999,39754632.81272659,26741,496.55519300,24280159.64619648,0
1629913500.0,49026.48000000,49058.97000000,48805.33000000,48830.00000000,375.98819700,1629914399999,18387064.65712836,15475,162.83586900,7961882.60004780,0
1629914400.0,48830.00000000,49000.00000000,48735.77000000,48959.50000000,323.05343300,1629915299999,15798387.19167216,11145,177.06160100,8660535.35598059,0
1629915300.0,48959.51000000,48999.48000000,48875.03000000,48884.68000000,335.92753100,1629916199999,16442308.46105991,9068,170.78465800,8359838.97931931,0
1629916200.0,48884.68000000,48982.62000000,48884.68000000,48975.85000000,211.73724900,1629917099999,10362495.64080628,7874,127.37725100,6233904.90141017,0
1629917100.0,48975.86000000,49027.30000000,48856.16000000,48924.64000000,249.39166100,1629917999999,12204856.61785767,9193,118.13467500,5782015.40032526,0
1629918000.0,48924.64000000,49172.58000000,48922.67000000,48979.28000000,474.52686700,1629918899999,23276999.39466611,15538,268.55341300,13174428.11282466,0
1629918900.0,48979.28000000,49000.00000000,48786.24000000,48869.74000000,339.84112500,1629919799999,16612057.13060050,10880,161.09798600,7875104.41114921,0
1629919800.0,48869.75000000,48950.00000000,48800.59000000,48918.20000000,335.98639400,1629920699999,16423749.56395089,10445,190.82149600,9328212.39221279,0
1629920700.0,48918.20000000,48943.99000000,48536.95000000,48652.14000000,447.26855600,1629921599999,21791757.25410195,13600,190.76841900,9295532.30149030,0
1629921600.0,48652.13000000,48938.99000000,48651.62000000,48883.83000000,318.04765200,1629922499999,15526760.67011836,10614,164.95692700,8052855.01561257,0
1629922500.0,48883.83000000,49040.60000000,48800.82000000,48849.99000000,323.49374800,1629923399999,15830035.61804909,10215,185.18222000,9062096.16483927,0
1629923400.0,48850.00000000,48865.66000000,48701.75000000,48746.06000000,193.77430400,1629924299999,9454629.31059429,9054,89.91996000,4387551.51957848,0
1629924300.0,48746.06000000,48774.09000000,48601.47000000,48676.76000000,372.31961900,1629925199999,18125462.62003148,9883,193.65686700,9427530.77691189,0
1629925200.0,48676.76000000,48867.66000000,48664.67000000,48791.96000000,213.57035200,1629926099999,10418809.33490485,17471,114.62915200,5592307.82394478,0
1629926100.0,48791.95000000,48843.80000000,48700.00000000,48789.87000000,192.86506300,1629926999999,9403855.42416727,17809,97.76139600,4767259.99514676,0
1629927000.0,48789.88000000,48899.98000000,48757.85000000,48850.00000000,218.54238500,1629927899999,10671993.33138408,17891,110.07171000,5375642.94861704,0
1629927900.0,48850.00000000,49100.00000000,48820.00000000,49080.01000000,345.44817900,1629928799999,16909127.23691826,20533,213.47703200,10450233.70354380,0
1629928800.0,49080.00000000,49264.30000000,48871.11000000,49070.07000000,565.64836800,1629929699999,27767831.07716494,18362,308.00791300,15124332.33048996,0
1629929700.0,49070.06000000,49090.67000000,48838.07000000,48844.38000000,289.71150900,1629930599999,14173564.06004716,9366,151.43560100,7409709.96482510,0
1629930600.0,48844.38000000,49053.88000000,48835.01000000,48835.02000000,270.78888300,1629931499999,13254302.80012656,8639,147.86981300,7237291.34626248,0
1629931500.0,48835.02000000,48921.49000000,48822.96000000,48905.28000000,182.44343700,1629932399999,8914239.59289881,6613,99.21086900,4847556.62445569,0
1629932400.0,48905.28000000,49023.11000000,48807.97000000,49013.54000000,229.75225500,1629933299999,11237682.79520471,7443,130.35559600,6376431.57780573,0
1629933300.0,49013.54000000,49109.90000000,48911.62000000,49059.35000000,235.24152200,1629934199999,11528911.36617990,7048,123.50900600,6053695.85767684,0
1629934200.0,49061.35000000,49070.22000000,48952.23000000,48999.99000000,292.68911400,1629935099999,14343607.46182164,7814,132.24796200,6481333.71784484,0
1629935100.0,48999.99000000,49009.99000000,48917.02000000,48973.32000000,189.19884100,1629935999999,9263399.55294914,6838,92.78697700,4542901.80555816,0
1629936000.0,48973.32000000,49099.99000000,48816.10000000,49023.25000000,541.70978100,1629936899999,26533370.46008114,18046,264.78767000,12970427.24355088,0
1629936900.0,49023.25000000,49168.00000000,48837.99000000,49068.87000000,401.93382400,1629937799999,19691625.10387452,15761,224.95830300,11019061.02612526,0
1629937800.0,49068.88000000,49197.59000000,48983.09000000,49149.77000000,369.98694100,1629938699999,18170804.59441918,14946,191.41558400,9401009.24300390,0
1629938700.0,49149.77000000,49352.84000000,49147.20000000,49287.63000000,493.91636400,1629939599999,24338577.13579769,18043,277.98779900,13697113.26172798,0
1629939600.0,49287.64000000,49336.08000000,49015.93000000,49070.35000000,353.31403000,1629940499999,17367954.27822599,19399,174.22378700,8562818.54757472,0
1629940500.0,49070.35000000,49131.99000000,49001.63000000,49112.92000000,210.13704500,1629941399999,10308850.69533509,16940,107.29463600,5263739.58684400,0
1629941400.0,49112.92000000,49112.93000000,48830.00000000,48839.64000000,356.29832800,1629942299999,17437958.88195505,19163,158.86160300,7774498.33577531,0
1629942300.0,48839.65000000,48917.56000000,48728.56000000,48731.46000000,283.12282600,1629943199999,13817204.53313449,18490,134.54811900,6566399.58869640,0
1629943200.0,48731.46000000,48839.81000000,48711.11000000,48788.96000000,308.14622600,1629944099999,15032427.24518562,8634,164.11571800,8006269.53093369,0
1629944100.0,48788.95000000,48837.99000000,48687.07000000,48808.60000000,255.09520900,1629944999999,12442722.37785978,7507,151.26642500,7378928.16832303,0
1629945000.0,48808.61000000,48811.19000000,48611.72000000,48703.93000000,362.14980600,1629945899999,17646645.71805824,8285,151.72114200,7392843.82433529,0
1629945900.0,48703.92000000,48811.40000000,48686.40000000,48695.54000000,209.30214500,1629946799999,10203977.71310945,6349,105.68728800,5152494.57324491,0
1629946800.0,48695.55000000,48722.42000000,48212.34000000,48265.89000000,830.37728100,1629947699999,40219115.46567632,23092,343.00069600,16611945.72549167,0
1629947700.0,48265.89000000,48295.85000000,48055.00000000,48108.85000000,727.41147700,1629948599999,35049628.29857794,17655,359.00807700,17300208.02728818,0
1629948600.0,48108.84000000,48200.00000000,47932.15000000,48020.00000000,835.47976000,1629949499999,40160856.84288187,18294,339.70259600,16331670.24815370,0
1629949500.0,48020.00000000,48088.06000000,47829.61000000,47911.79000000,638.32962900,1629950399999,30601543.42155876,14402,341.29802200,16363208.90027672,0
1629950400.0,47911.80000000,48000.00000000,47735.12000000,47740.50000000,620.45587400,1629951299999,29686405.88446120,32773,305.00410800,14593159.01115314,0
1629951300.0,47740.51000000,47928.25000000,47600.60000000,47869.32000000,620.53276300,1629952199999,29646953.22426371,35733,349.80504400,16715532.62848170,0
1629952200.0,47869.31000000,47869.32000000,47735.62000000,47754.09000000,457.17124600,1629953099999,21847311.21285459,28690,229.64632900,10974619.09847058,0
1629953100.0,47754.08000000,47899.96000000,47670.43000000,47884.08000000,597.17589300,1629953999999,28545091.65399031,31600,281.74619500,13469004.62351653,0
1629954000.0,47884.09000000,48055.55000000,47800.00000000,47820.00000000,556.99000700,1629954899999,26710392.13913530,19958,254.74263200,12218813.95843251,0
1629954900.0,47820.01000000,47861.65000000,47356.57000000,47394.95000000,1057.81335900,1629955799999,50327367.31769097,30210,409.81021700,19498260.67052323,0
1629955800.0,47394.95000000,47400.00000000,46900.00000000,47023.10000000,2053.83336900,1629956699999,96806160.11976129,49460,867.42367000,40886148.10012962,0
1629956700.0,47022.38000000,47123.74000000,46837.43000000,47042.36000000,1099.54063400,1629957599999,51684674.81770303,31086,527.67458500,24806107.10672092,0
1629957600.0,47042.36000000,47278.14000000,47000.00000000,47265.79000000,849.45547100,1629958499999,40003708.06015246,24070,442.89624400,20865060.53108512,0
1629958500.0,47265.78000000,47289.62000000,46850.00000000,47088.80000000,950.31391100,1629959399999,44705225.48067053,29587,319.49428900,15038576.94098743,0
1629959400.0,47080.24000000,47229.93000000,46560.01000000,46965.06000000,1262.44932100,1629960299999,59191578.32065985,41709,472.32183300,22164525.68832198,0
1629960300.0,46965.06000000,47069.51000000,46800.00000000,46855.59000000,539.98419000,1629961199999,25331740.95349230,28819,272.80001000,12798189.16239540,0
1629961200.0,46855.58000000,46866.00000000,46601.00000000,46743.93000000,879.22109000,1629962099999,41087030.64070630,39851,458.16194000,21410495.82965180,0
1629962100.0,46743.92000000,46947.36000000,46570.00000000,46887.98000000,1069.51083000,1629962999999,49956415.71219990,38468,511.97094000,23923399.52055450,0
1629963000.0,46887.99000000,47049.25000000,46800.00000000,47020.66000000,483.45262000,1629963899999,22686966.53810900,31543,251.16121000,11787652.58391630,0
1629963900.0,47020.66000000,47030.65000000,46785.73000000,46891.75000000,417.06766000,1629964799999,19560973.47638360,31025,206.62791000,9691825.61755040,0
1629964800.0,46891.75000000,47092.99000000,46724.01000000,46905.00000000,597.55886000,1629965699999,28028832.55616980,16118,297.83530000,13970797.48482140,0
1629965700.0,46905.00000000,46970.91000000,46751.17000000,46871.12000000,404.07097000,1629966599999,18930855.91835930,10859,171.02210000,8011960.99019340,0
1629966600.0,46871.11000000,46973.49000000,46700.00000000,46921.28000000,396.95464000,1629967499999,18584500.21386060,10482,183.11913000,8572903.72283580,0
1629967500.0,46921.27000000,47100.00000000,46790.00000000,46908.72000000,737.77203000,1629968399999,34637411.31173490,13276,406.66665000,19091942.82359440,0
1629968400.0,46908.73000000,47015.04000000,46760.46000000,46822.52000000,512.58681000,1629969299999,24017497.17603470,12183,244.20308000,11442005.13191370,0
1629969300.0,46822.53000000,46975.00000000,46777.03000000,46967.17000000,399.48614000,1629970199999,18731949.29132680,9615,233.77357000,10960483.92909560,0
1629970200.0,46967.17000000,46980.00000000,46806.76000000,46869.59000000,377.46755000,1629971099999,17702340.39718650,10218,171.65785000,8050943.48228450,0
1629971100.0,46869.60000000,46939.74000000,46750.04000000,46789.99000000,404.17851000,1629971999999,18926061.68246890,10467,186.13450000,8716322.74096200,0
1629972000.0,46789.99000000,46984.28000000,46693.68000000,46839.16000000,447.35011000,1629972899999,20963213.41333680,11768,229.19405000,10743747.28734320,0
1629972900.0,46839.16000000,46948.92000000,46784.97000000,46928.25000000,335.32504000,1629973799999,15720841.79238410,9071,168.76345000,7912069.46645980,0
1629973800.0,46928.25000000,47069.88000000,46913.59000000,47006.00000000,549.16634000,1629974699999,25810464.16803770,12523,265.63172000,12485352.48554810,0
1629974700.0,47006.00000000,47013.56000000,46908.98000000,46979.93000000,333.83098000,1629975599999,15675145.12396140,7871,145.30405000,6823220.70714940,0
1629975600.0,46977.31000000,47166.57000000,46903.92000000,47112.23000000,496.52305000,1629976499999,23361059.55309720,10855,277.28521000,13049138.69769160,0
1629976500.0,47112.22000000,47206.46000000,47036.74000000,47127.36000000,557.25485000,1629977399999,26257352.83326120,10755,315.97144000,14888666.86304860,0
1629977400.0,47127.37000000,47127.37000000,46870.30000000,47051.51000000,458.66541000,1629978299999,21546878.90062720,10847,220.46066000,10358014.21816000,0
1629978300.0,47051.51000000,47058.92000000,46822.22000000,46835.89000000,394.35649000,1629979199999,18496952.41488270,10044,166.12285000,7791598.77933410,0
1629979200.0,46835.90000000,46877.19000000,46250.00000000,46559.74000000,1939.21906400,1629980099999,90214575.04949451,39620,788.04701800,36666336.23796997,0
1629980100.0,46559.74000000,47431.17000000,46555.45000000,47385.63000000,1738.17743000,1629980999999,81968740.68440710,30045,952.41649700,44910500.22362316,0
1629981000.0,47385.63000000,47400.00000000,47028.67000000,47165.35000000,714.89422000,1629981899999,33733783.30836020,13824,350.16183000,16522768.02394300,0
1629981900.0,47165.35000000,47165.35000000,46778.79000000,46943.76000000,589.97187000,1629982799999,27682000.36880260,13873,269.01037000,12621809.98492850,0
1629982800.0,46943.76000000,47229.80000000,46861.18000000,46875.94000000,618.08150000,1629983699999,29095394.02674110,12819,328.35464000,15458700.76616690,0
1629983700.0,46875.94000000,47143.18000000,46864.96000000,47107.89000000,392.42703000,1629984599999,18450401.62282640,8717,202.41043000,9516650.26112050,0
1629984600.0,47107.90000000,47270.00000000,47023.05000000,47186.04000000,454.28431000,1629985499999,21421944.41631760,10388,216.48637000,10209987.56126770,0
1629985500.0,47186.04000000,47240.00000000,47060.85000000,47195.75000000,447.38119000,1629986399999,21099499.25120150,9873,208.10153000,9814298.27357380,0
1629986400.0,47195.75000000,47420.00000000,47172.73000000,47360.00000000,724.30067000,1629987299999,34269903.45184380,15536,360.75434000,17068788.41678630,0
1629987300.0,47360.00000000,47386.64000000,47074.83000000,47109.99000000,556.98875000,1629988199999,26312239.23524320,14845,216.40383000,10223290.87208330,0
1629988200.0,47109.99000000,47183.82000000,46916.76000000,46930.00000000,461.35060000,1629989099999,21708699.23325170,12545,214.28426000,10083631.94685610,0
1629989100.0,46930.01000000,47073.41000000,46828.51000000,46838.94000000,367.19446000,1629989999999,17248395.56894890,9145,165.72511000,7784927.46299550,0
1629990000.0,46838.94000000,47065.08000000,46750.01000000,46957.02000000,467.71539000,1629990899999,21930903.52498830,12241,243.55554000,11420894.34844750,0
1629990900.0,46957.02000000,47046.90000000,46853.44000000,46956.58000000,348.99219000,1629991799999,16380433.06515300,8846,170.18157000,7988029.27374980,0
1629991800.0,46956.57000000,46965.73000000,46700.00000000,46726.18000000,427.31659000,1629992699999,20010710.45581020,10488,189.17749000,8859384.86640470,0
1629992700.0,46726.17000000,46910.97000000,46635.00000000,46800.00000000,519.00230000,1629993599999,24267388.15767450,12384,241.80365000,11307491.44798250,0
1629993600.0,46800.00000000,46952.72000000,46663.59000000,46759.83000000,494.27580000,1629994499999,23129736.76128470,12392,262.90922000,12303187.13075110,0
1629994500.0,46759.84000000,46759.84000000,46485.16000000,46705.50000000,821.74119000,1629995399999,38312414.47825200,21845,424.93121000,19814577.74594100,0
1629995400.0,46705.50000000,47056.86000000,46599.72000000,46943.33000000,593.29154000,1629996299999,27806591.81329620,14086,324.67346000,15218660.62778730,0
1629996300.0,46943.31000000,46972.58000000,46852.67000000,46897.72000000,354.31068000,1629997199999,16622481.85643030,9440,156.01039000,7318649.24561140,0
1629997200.0,46897.72000000,47108.00000000,46886.01000000,47069.99000000,440.98786000,1629998099999,20738454.57849800,10071,223.59617000,10513657.46194360,0
1629998100.0,47070.00000000,47123.65000000,46946.14000000,46969.68000000,352.26651000,1629998999999,16572438.91544300,9386,148.73957000,6997080.97190170,0
1629999000.0,46969.68000000,47019.14000000,46891.25000000,46960.00000000,233.14761000,1629999899999,10948137.88761990,7642,109.01360000,5119280.87461650,0
1629999900.0,46960.01000000,47032.64000000,46907.86000000,46950.26000000,249.96347000,1630000799999,11741316.30544140,7327,117.83530000,5535145.04567610,0
1630000800.0,46950.26000000,47024.92000000,46755.78000000,46775.88000000,340.43860000,1630001699999,15946871.37703690,10076,167.49501000,7846230.57099540,0
1630001700.0,46775.87000000,46842.76000000,46731.00000000,46764.58000000,276.64090000,1630002599999,12941885.03028580,8702,150.17278000,7025641.65085160,0
1630002600.0,46764.59000000,46965.45000000,46764.59000000,46884.98000000,235.99429000,1630003499999,11061501.14174910,7442,112.00381000,5249011.96609640,0
1630003500.0,46884.97000000,47092.63000000,46876.00000000,47001.46000000,275.47242000,1630004399999,12950580.91768060,8218,136.93971000,6438026.98675340,0
1630004400.0,47001.47000000,47034.46000000,46838.00000000,46869.30000000,279.11854000,1630005299999,13099985.17807640,7910,138.16811000,6485993.13370940,0
1630005300.0,46871.34000000,46887.21000000,46755.27000000,46781.96000000,449.58631000,1630006199999,21048867.19635700,9499,163.44603000,7651856.35674960,0
1630006200.0,46781.96000000,46963.98000000,46777.43000000,46858.84000000,264.62321000,1630007099999,12409640.30494730,7348,109.27760000,5124582.00693430,0
1630007100.0,46858.84000000,47043.88000000,46858.84000000,46939.75000000,219.33739000,1630007999999,10303885.87996920,6809,99.82167000,4689270.35558340,0
1630008000.0,46934.22000000,47058.23000000,46874.67000000,46953.75000000,290.61993000,1630008899999,13656987.79759050,8646,139.87465000,6573655.27330830,0
1630008900.0,46953.75000000,47005.67000000,46845.00000000,46915.91000000,179.74709000,1630009799999,8433887.90201550,6369,105.33907000,4942883.55642860,0
1630009800.0,46915.90000000,47009.23000000,46915.90000000,46995.46000000,154.84824000,1630010699999,7273382.27171710,5482,87.89452000,4128436.16138740,0
1630010700.0,46995.45000000,47046.41000000,46933.60000000,47017.57000000,324.51517000,1630011599999,15251749.50020100,6512,172.00631000,8083561.28982630,0
1630011600.0,47017.58000000,47250.00000000,46989.89000000,47217.81000000,554.40259000,1630012499999,26127311.05249360,12387,357.00579000,16818597.08966530,0
1630012500.0,47217.80000000,47300.00000000,47136.59000000,47225.01000000,469.06350000,1630013399999,22156915.87052720,10978,259.30927000,12250866.86766350,0
1630013400.0,47225.01000000,47227.73000000,47135.00000000,47174.51000000,181.00334000,1630014299999,8537823.37407770,5829,63.43551000,2992606.27805260,0
1630014300.0,47174.51000000,47311.00000000,47167.54000000,47253.83000000,298.45089000,1630015199999,14097670.45926360,7247,143.59678000,6783032.40943250,0
1630015200.0,47253.83000000,47347.76000000,47146.85000000,47288.26000000,302.71867000,1630016099999,14305162.07229710,9198,172.55131000,8155198.93210520,0
1630016100.0,47288.26000000,47415.56000000,47200.00000000,47400.02000000,239.50818000,1630016999999,11332933.49346530,9255,129.20883000,6114619.36667230,0
1630017000.0,47400.03000000,47439.00000000,47280.79000000,47300.49000000,275.95571000,1630017899999,13070656.28371107,9294,126.74546000,6003077.99406587,0
1630017900.0,47300.49000000,47313.75000000,47105.39000000,47177.68000000,257.91560000,1630018799999,12172423.63212550,9223,119.41722000,5635671.52787820,0
1630018800.0,47177.68000000,47216.32000000,47012.36000000,47051.39000000,270.43412000,1630019699999,12737092.20135690,22417,122.56530000,5772369.91677950,0
1630019700.0,47051.39000000,47235.24000000,47033.96000000,47203.07000000,162.89397000,1630020599999,7682644.43445670,20707,94.31697000,4448420.49886510,0
1630020600.0,47203.07000000,47398.37000000,47203.06000000,47319.34000000,272.75574000,1630021499999,12909141.60199330,22396,129.99160000,6151697.19661240,0
1630021500.0,47319.34000000,47350.00000000,46818.00000000,46843.87000000,393.72446000,1630022399999,18531832.17420810,26891,167.08656000,7862719.44765710,0
1630022400.0,46843.86000000,47047.26000000,46605.00000000,46609.58000000,626.03497000,1630023299999,29304384.74304700,17452,288.32155000,13496683.08746090,0
1630023300.0,46609.58000000,46777.88000000,46348.00000000,46684.34000000,1080.32721000,1630024199999,50252207.19901350,25196,560.38826000,26073080.58406370,0
1630024200.0,46678.69000000,46777.88000000,46518.25000000,46742.24000000,505.41137000,1630025099999,23572573.62805230,12944,295.07095000,13761328.17905810,0
1630025100.0,46742.24000000,47290.00000000,46644.02000000,47249.20000000,829.70622000,1630025999999,39017805.28545170,18133,450.10849000,21165022.13514790,0
1630026000.0,47249.20000000,47592.00000000,47233.16000000,47519.99000000,1033.60950500,1630026899999,49063963.61849535,25714,543.84490500,25816061.96323781,0
1630026900.0,47519.99000000,47608.29000000,47389.04000000,47522.96000000,476.45845200,1630027799999,22634648.59162996,15584,256.02731200,12163663.18240646,0
1630027800.0,47522.96000000,47665.48000000,47394.77000000,47399.55000000,508.17011800,1630028699999,24165338.57467400,15072,231.24040800,10995732.48013300,0
1630028700.0,47399.55000000,47485.53000000,47157.89000000,47236.64000000,516.68082000,1630029599999,24443446.59010220,13683,263.62196000,12470353.37227060,0
1630029600.0,47236.64000000,47486.42000000,47236.63000000,47411.78000000,359.87766000,1630030499999,17045916.48528060,9285,176.46739000,8358631.46735920,0
1630030500.0,47416.05000000,47429.29000000,47171.00000000,47383.82000000,372.54603000,1630031399999,17629117.96305310,8661,173.16833000,8195637.98267390,0
1630031400.0,47383.81000000,47429.13000000,47245.67000000,47321.11000000,312.06897000,1630032299999,14769160.37094300,7458,135.66618000,6421270.93156700,0
1630032300.0,47321.11000000,47377.98000000,47198.73000000,47211.29000000,229.50300000,1630033199999,10853951.54064040,6475,129.84262000,6141757.38582960,0
1630033200.0,47211.29000000,47267.04000000,46974.80000000,47070.93000000,435.93691000,1630034099999,20528518.02418860,15390,229.83650000,10823059.40242260,0
1630034100.0,47068.14000000,47068.14000000,46757.47000000,46768.07000000,523.38005000,1630034999999,24556036.77907530,18356,232.54002000,10910044.29379530,0
1630035000.0,46768.06000000,46929.41000000,46721.00000000,46738.50000000,319.40072000,1630035899999,14954640.15377700,14933,179.26824000,8393653.91581460,0
1630035900.0,46738.50000000,46842.80000000,46690.53000000,46822.23000000,267.84798000,1630036799999,12527598.15064640,12592,141.77563000,6631651.79056460,0
1630036800.0,46822.24000000,46901.89000000,46598.89000000,46677.05000000,406.95791000,1630037699999,19024870.74768240,14819,196.70173000,9196333.30458790,0
1630037700.0,46677.06000000,46743.15000000,46600.00000000,46660.09000000,273.23014000,1630038599999,12746589.34697520,13416,143.65980000,6702105.02141030,0
1630038600.0,46660.09000000,46829.75000000,46572.36000000,46819.43000000,312.67429000,1630039499999,14605528.38766130,13439,174.17216000,8135429.88812230,0
1630039500.0,46819.44000000,46988.88000000,46773.67000000,46924.04000000,301.63574000,1630040399999,14142922.76293790,12457,164.15923000,7697053.40176020,0
1630040400.0,46924.05000000,47031.62000000,46855.49000000,46909.99000000,283.26088000,1630041299999,13299920.55007570,15400,151.01630000,7090565.74608230,0
1630041300.0,46909.98000000,47077.00000000,46850.04000000,47027.38000000,237.51613000,1630042199999,11158506.46995170,15303,140.28951000,6590907.70274270,0
1630042200.0,47027.39000000,47196.99000000,46972.73000000,47094.99000000,294.49984000,1630043099999,13873701.74213850,16916,163.56067000,7705065.72087330,0
1630043100.0,47094.99000000,47150.88000000,47004.48000000,47114.40000000,189.58975000,1630043999999,8923285.02705980,14396,93.64766000,4407661.56396750,0
1630044000.0,47114.41000000,47250.00000000,47057.07000000,47204.32000000,217.80311000,1630044899999,10271890.84827910,7943,122.11612000,5759677.14498810,0
1630044900.0,47204.32000000,47225.51000000,47104.11000000,47137.38000000,232.17193000,1630045799999,10950225.65269250,7430,120.30757000,5674433.58192670,0
1630045800.0,47137.38000000,47191.44000000,47032.02000000,47086.50000000,339.08513000,1630046699999,15975760.30294510,8094,190.63453000,8982259.24452270,0
1630046700.0,47086.50000000,47205.01000000,47080.90000000,47172.05000000,279.53857000,1630047599999,13183087.04365270,7922,133.37915000,6290118.79853730,0
1630047600.0,47172.04000000,47244.45000000,47089.10000000,47089.11000000,246.80133000,1630048499999,11645074.62193250,8923,134.56986000,6349999.08961140,0
1630048500.0,47089.11000000,47415.00000000,46840.74000000,47244.99000000,837.73476000,1630049399999,39508331.02374380,18848,450.25802000,21244688.77027290,0
1630049400.0,47244.99000000,47414.00000000,47153.63000000,47292.37000000,527.54275000,1630050299999,24952607.89276420,11655,313.12783000,14810705.10988590,0
1630050300.0,47292.36000000,47546.18000000,47283.21000000,47483.44000000,612.36755000,1630051199999,29033275.87363720,13111,337.51598000,16003085.69897950,0
1630051200.0,47479.77000000,47560.00000000,47375.00000000,47391.97000000,519.40197000,1630052099999,24644958.27171040,12832,265.29312000,12588560.54501850,0
1630052100.0,47395.35000000,47411.99000000,47305.20000000,47337.35000000,360.34567000,1630052999999,17061979.14784420,9040,159.16036000,7535837.85163010,0
1630053000.0,47337.36000000,47460.00000000,47301.00000000,47316.36000000,267.89009000,1630053899999,12693851.03245710,9323,145.71415000,6905199.08270470,0
1630053900.0,47316.36000000,47332.84000000,47133.65000000,47187.65000000,447.93670000,1630054799999,21160618.02802640,13497,234.80226000,11092675.90027360,0
1630054800.0,47187.65000000,47232.98000000,47101.95000000,47170.25000000,294.60985000,1630055699999,13887747.36136120,12766,153.88854000,7253875.49195140,0
1630055700.0,47170.25000000,47253.69000000,46989.48000000,47093.52000000,494.12769000,1630056599999,23292561.55155730,14669,250.42671000,11804123.90309170,0
1630056600.0,47093.53000000,47183.92000000,47004.99000000,47183.91000000,206.99349000,1630057499999,9746730.87873340,10636,108.58817000,5113270.32492150,0
1630057500.0,47183.92000000,47332.98000000,47180.00000000,47205.64000000,389.06588000,1630058399999,18386790.22071230,12209,177.72712000,8397979.39681010,0
1630058400.0,47205.65000000,47375.00000000,47179.64000000,47349.99000000,299.65926000,1630059299999,14178525.20555020,9042,157.89315000,7470345.33565880,0
1630059300.0,47349.98000000,47367.03000000,47229.70000000,47273.64000000,191.57087000,1630060199999,9057146.31662700,7177,96.22007000,4548641.57761640,0
1630060200.0,47273.64000000,47559.37000000,47202.41000000,47380.81000000,537.97161000,1630061099999,25481073.26788910,10419,388.75078000,18420996.65858550,0
1630061100.0,47380.80000000,47620.44000000,47346.84000000,47429.78000000,714.54986000,1630061999999,33910603.71389170,13996,415.30166000,19715164.73977520,0
1630062000.0,47429.77000000,47559.74000000,47311.90000000,47417.19000000,424.95325000,1630062899999,20164811.59302690,18843,199.15568000,9452449.33769320,0
1630062900.0,47417.19000000,47569.54000000,47408.01000000,47526.42000000,340.49144000,1630063799999,16174133.81137230,18855,176.52501000,8384931.26612960,0
1630063800.0,47526.42000000,47794.96000000,47520.02000000,47690.29000000,719.93457700,1630064699999,34331339.18967737,28047,416.23552000,19846619.17345937,0
1630064700.0,47690.29000000,47748.00000000,47368.19000000,47453.83000000,599.79762000,1630065599999,28523662.89930330,23605,273.90719000,13021319.83973580,0
1630065600.0,47453.82000000,47538.18000000,47330.80000000,47438.26000000,420.68354000,1630066499999,19957536.73732190,18440,197.20895000,9355657.22423710,0
1630066500.0,47438.27000000,47534.71000000,47300.00000000,47300.00000000,485.93993000,1630067399999,23036485.88272890,18710,201.24363000,9542665.29610890,0
1630067400.0,47300.01000000,47402.00000000,47238.00000000,47402.00000000,389.28437000,1630068299999,18425074.84829140,18409,182.72678000,8648192.44093290,0
1630068300.0,47402.00000000,47465.05000000,47334.97000000,47338.57000000,215.03923000,1630069199999,10194867.07095160,15760,96.89957000,4594054.14659090,0
1630069200.0,47338.57000000,47338.58000000,47032.63000000,47140.85000000,583.76535000,1630070099999,27533370.05104700,13882,244.62826000,11536324.68600420,0
1630070100.0,47140.85000000,47163.04000000,47065.00000000,47129.76000000,252.50178000,1630070999999,11895570.69389830,7684,114.66357000,5401867.17011740,0
1630071000.0,47129.75000000,47297.93000000,47105.33000000,47153.59000000,357.51810000,1630071899999,16878664.17195780,9245,161.46334000,7623187.33345640,0
1630071900.0,47153.59000000,47375.79000000,47091.71000000,47274.56000000,440.37849000,1630072799999,20813483.71040430,10654,195.62381000,9245894.63315610,0
1630072800.0,47274.56000000,47874.65000000,47190.64000000,47710.55000000,1236.54108500,1630073699999,58887472.86024343,27468,595.70627500,28367373.03449603,0
1630073700.0,47710.80000000,48050.00000000,47701.01000000,47958.99000000,1332.64527500,1630074599999,63831642.03915719,27013,727.78556500,34861240.81851461,0
1630074600.0,47958.99000000,48184.99000000,47958.99000000,48160.02000000,1259.06428000,1630075499999,60545353.46285529,26876,651.34352500,31321034.76296671,0
1630075500.0,48160.01000000,48233.96000000,48036.87000000,48125.05000000,709.93146100,1630076399999,34166788.85167179,16526,389.40530100,18741754.87104329,0
1630076400.0,48125.57000000,48451.51000000,48125.56000000,48353.20000000,893.98020000,1630077299999,43198821.62838245,25913,465.19677500,22477731.65820980,0
1630077300.0,48353.21000000,48400.00000000,48194.74000000,48290.48000000,759.91713000,1630078199999,36712722.00789010,18245,360.06224000,17396321.95556440,0
1630078200.0,48290.48000000,48340.19000000,48127.02000000,48245.41000000,465.18973000,1630079099999,22426806.64551590,12958,223.74393000,10787086.60829250,0
1630079100.0,48245.41000000,48283.33000000,48143.88000000,48184.67000000,425.48557000,1630079999999,20510208.15209560,11063,215.63688000,10393982.63411980,0
1630080000.0,48184.66000000,48285.70000000,48090.11000000,48128.00000000,427.72025000,1630080899999,20617178.26588530,16116,199.96293000,9639181.48103140,0
1630080900.0,48128.01000000,48140.66000000,47969.42000000,48131.95000000,482.97585000,1630081799999,23215582.98725100,18026,258.61502000,12431549.67156100,0
1630081800.0,48131.95000000,48267.65000000,48120.50000000,48239.22000000,296.43094000,1630082699999,14286461.03984270,12969,162.94197000,7853096.81270010,0
1630082700.0,48239.22000000,48266.90000000,48151.99000000,48178.93000000,311.23926000,1630083599999,15004637.53496930,12275,116.96424000,5639058.19055210,0
1630083600.0,48178.93000000,48320.63000000,48173.16000000,48187.26000000,367.97142000,1630084499999,17757810.44416810,9796,210.44793000,10156785.37265430,0
1630084500.0,48187.26000000,48281.60000000,48156.08000000,48226.04000000,246.21811000,1630085399999,11874100.19358290,8511,107.94931000,5206032.50044570,0
1630085400.0,48226.03000000,48266.76000000,48169.00000000,48207.18000000,213.03971000,1630086299999,10271928.38182720,7035,109.49459000,5279444.24732910,0
1630086300.0,48207.20000000,48280.00000000,48138.59000000,48168.58000000,169.51890000,1630087199999,8170833.84805000,6051,71.75621000,3459155.95217660,0
1630087200.0,48168.58000000,48262.08000000,48110.68000000,48249.24000000,211.77171000,1630088099999,10206434.80719700,7436,113.41921000,5467137.49817980,0
1630088100.0,48249.23000000,48293.47000000,48216.01000000,48269.32000000,134.39309000,1630088999999,6485146.66934900,5946,68.33774000,3297539.36256040,0
1630089000.0,48269.32000000,48329.79000000,48245.67000000,48300.00000000,288.55399000,1630089899999,13935809.73784390,7109,151.85929000,7333460.25948170,0
1630089900.0,48300.00000000,48383.30000000,48280.23000000,48325.48000000,280.56921000,1630090799999,13561398.85368390,7712,140.42670000,6787709.24866360,0
1630090800.0,48325.49000000,48391.30000000,48268.72000000,48389.59000000,195.26722000,1630091699999,9435804.01645980,6933,96.68371000,4672188.29165340,0
1630091700.0,48389.59000000,48546.42000000,48318.07000000,48343.57000000,448.68373100,1630092599999,21731671.89063591,12518,263.30484200,12754334.94859333,0
1630092600.0,48343.57000000,48373.31000000,48282.63000000,48350.01000000,259.01751000,1630093499999,12520203.30071550,6342,133.74655000,6464920.80224410,0
1630093500.0,48350.00000000,48428.57000000,48290.00000000,48293.69000000,294.96543000,1630094399999,14257390.69586560,7628,128.64900000,6218493.78843220,0
1630094400.0,48293.68000000,48419.90000000,48155.00000000,48416.53000000,384.68305000,1630095299999,18576353.69925520,11797,190.34436000,9192791.46661840,0
1630095300.0,48416.54000000,48842.00000000,48323.83000000,48806.76000000,751.13718500,1630096199999,36470075.91081859,18635,421.01498300,20454929.47980729,0
1630096200.0,48806.76000000,49149.93000000,48775.35000000,48960.00000000,1244.69384600,1630097099999,60965206.19247596,36070,764.35011900,37442211.50093809,0
1630097100.0,48960.00000000,49010.00000000,48826.81000000,48895.24000000,459.22583000,1630097999999,22453656.57573680,11323,230.74067000,11282618.99930270,0
1630098000.0,48895.24000000,49048.56000000,48850.01000000,48986.08000000,361.17264000,1630098899999,17679218.51983270,15384,180.85949000,8853198.96642040,0
1630098900.0,48986.07000000,49000.95000000,48900.37000000,48955.95000000,213.52550000,1630099799999,10455227.58174960,14297,105.10526000,5146538.77262080,0
1630099800.0,48955.96000000,49037.60000000,48940.00000000,49037.59000000,254.82172000,1630100699999,12483508.51773300,14341,132.03696000,6468841.48933040,0
1630100700.0,49037.58000000,49047.03000000,48886.22000000,48960.39000000,379.23067000,1630101599999,18572579.05038230,14097,207.67686000,10170485.76280700,0
1630101600.0,48960.40000000,48977.18000000,48683.75000000,48698.57000000,317.66911000,1630102499999,15514899.88011490,16198,135.26198000,6605286.94796790,0
1630102500.0,48698.57000000,48913.19000000,48684.45000000,48896.55000000,352.39163000,1630103399999,17209216.62631940,16011,209.12727000,10212993.87151880,0
1630103400.0,48892.28000000,49028.72000000,48882.40000000,49020.98000000,324.13574000,1630104299999,15873452.84056050,15215,192.81721000,9442991.29378220,0
1630104300.0,49017.48000000,49023.21000000,48899.25000000,48985.74000000,267.39273000,1630105199999,13091260.30965320,13488,120.59093000,5903698.07857750,0
1630105200.0,48985.73000000,49048.05000000,48946.52000000,49036.03000000,242.19995000,1630106099999,11870217.32349560,8163,100.57671000,4929522.39789820,0
1630106100.0,49036.04000000,49050.00000000,48866.50000000,48922.17000000,252.22324000,1630106999999,12344432.40117510,7132,124.33563000,6084838.43949760,0
1630107000.0,48922.18000000,49115.37000000,48922.17000000,49030.01000000,359.20306000,1630107899999,17618705.54246360,8494,185.17935000,9081935.75664910,0
1630107900.0,49030.01000000,49100.00000000,48983.00000000,49069.90000000,249.52759000,1630108799999,12234539.28454840,6653,133.24101000,6532702.26666500,0
1630108800.0,49069.90000000,49200.00000000,48993.56000000,49016.96000000,841.67123000,1630109699999,41334222.91842031,15443,415.26163500,20391898.17095053,0
1630109700.0,49016.97000000,49032.43000000,48835.00000000,49026.62000000,405.96676000,1630110599999,19862350.84008470,8769,252.85009000,12370745.30361560,0
1630110600.0,49026.62000000,49273.00000000,49020.50000000,49142.37000000,681.71938500,1630111499999,33516153.61293643,13884,392.60151800,19303098.68710561,0
1630111500.0,49142.38000000,49299.00000000,49142.37000000,49245.01000000,487.06246000,1630112399999,23981039.98496591,10119,286.40668400,14101755.06430001,0
1630112400.0,49245.00000000,49290.00000000,49091.39000000,49101.99000000,601.51038000,1630113299999,29582818.76036790,11674,266.74155000,13119290.72596350,0
1630113300.0,49101.98000000,49163.12000000,49056.55000000,49084.69000000,405.50266000,1630114199999,19914736.66497750,8783,225.60828000,11080216.65647860,0
1630114200.0,49084.68000000,49140.07000000,49021.59000000,49126.98000000,291.30671000,1630115099999,14301874.00377820,6773,155.36783000,7628223.29951780,0
1630115100.0,49126.98000000,49180.01000000,49095.41000000,49141.51000000,141.92157000,1630115999999,6975473.82572140,5708,73.93654000,3634042.75139990,0
1630116000.0,49141.51000000,49141.52000000,48977.57000000,49035.35000000,201.98103000,1630116899999,9905973.15145050,10914,83.44617000,4092724.38596590,0
1630116900.0,49035.34000000,49095.00000000,48975.81000000,49044.35000000,185.12240000,1630117799999,9076483.01606870,10661,106.97206000,5244955.57728620,0
1630117800.0,49044.35000000,49050.00000000,48851.18000000,48945.03000000,307.39402000,1630118699999,15041492.54404230,13023,147.77872000,7230984.93109690,0
1630118700.0,48945.03000000,48999.09000000,48901.82000000,48939.90000000,195.29230000,1630119599999,9560176.19343430,9103,119.40145000,5845123.58655480,0
1630119600.0,48939.90000000,48999.98000000,48855.73000000,48927.99000000,252.16958000,1630120499999,12336479.25546480,5799,110.61368000,5411689.29180280,0
1630120500.0,48927.98000000,48979.57000000,48916.88000000,48961.24000000,206.71519000,1630121399999,10119129.31006860,5433,115.21078000,5639739.29548470,0
1630121400.0,48961.24000000,49039.98000000,48928.85000000,48946.27000000,208.74482000,1630122299999,10225506.30385990,5822,122.31731000,5991593.51693320,0
1630122300.0,48946.27000000,48954.34000000,48844.35000000,48852.99000000,185.90782000,1630123199999,9089644.96812840,5405,74.90261000,3662248.77002610,0
1630123200.0,48853.00000000,49050.00000000,48848.09000000,48940.07000000,271.18688000,1630124099999,13281081.77110470,6491,169.57846000,8304072.50466320,0
1630124100.0,48940.06000000,49074.81000000,48925.56000000,48970.30000000,258.72831000,1630124999999,12683599.15208450,5358,126.41357000,6196918.81097920,0
1630125000.0,48970.30000000,49016.22000000,48905.00000000,48959.19000000,157.66874000,1630125899999,7720441.30632130,4869,77.70335000,3804908.63492200,0
1630125900.0,48959.19000000,49022.88000000,48930.50000000,48954.66000000,124.47501000,1630126799999,6096544.99944720,4228,59.82439000,2930194.18753000,0
1630126800.0,48954.67000000,48966.46000000,48877.55000000,48950.00000000,157.43032000,1630127699999,7702135.78957500,5170,79.41073000,3885259.56585490,0
1630127700.0,48950.00000000,49024.55000000,48950.00000000,48991.31000000,187.21253000,1630128599999,9172385.62875780,4723,88.02805000,4312729.30310270,0
1630128600.0,48991.31000000,49020.00000000,48859.88000000,48884.68000000,202.55573000,1630129499999,9913286.29367790,6307,88.79021000,4345987.72567790,0
1630129500.0,48884.69000000,48940.55000000,48867.45000000,48867.46000000,144.43256000,1630130399999,7064598.10557160,4681,71.31328000,3488426.38499450,0
1630130400.0,48867.45000000,48869.87000000,48626.49000000,48735.61000000,666.83007100,1630131299999,32500059.22812290,14514,330.53981000,16107175.38421850,0
1630131300.0,48735.62000000,49079.84000000,48726.73000000,49074.74000000,409.39579000,1630132199999,20025050.35184810,11177,253.99306000,12422536.22441350,0
1630132200.0,49074.74000000,49075.00000000,48943.30000000,48945.01000000,168.36474000,1630133099999,8250649.97628560,7230,89.59423000,4390708.49556530,0
1630133100.0,48943.30000000,49058.46000000,48914.74000000,48998.19000000,211.31007000,1630133999999,10350004.37928150,6719,122.72728000,6011763.41666070,0
1630134000.0,48998.20000000,48998.20000000,48845.32000000,48887.54000000,261.14036000,1630134899999,12768898.51838840,7615,117.76860000,5758238.36920010,0
1630134900.0,48887.55000000,48956.76000000,48829.58000000,48926.67000000,198.12558000,1630135799999,9682553.57945160,5455,116.01931000,5670191.55574000,0
1630135800.0,48923.31000000,48984.84000000,48816.08000000,48816.09000000,172.90735000,1630136699999,8455661.03796820,5280,79.80491000,3902726.21411950,0
1630136700.0,48816.08000000,48950.00000000,48806.66000000,48950.00000000,235.46948000,1630137599999,11511519.78807690,6408,128.00996000,6258338.59352730,0
1630137600.0,48949.03000000,49072.07000000,48913.16000000,49050.04000000,373.51467000,1630138499999,18296991.61978450,19036,216.14661000,10588144.00404090,0
1630138500.0,49050.04000000,49059.10000000,49000.00000000,49019.91000000,231.03818000,1630139399999,11328040.80737710,16911,108.84587000,5336466.85420410,0
1630139400.0,49019.92000000,49063.00000000,48951.83000000,48955.69000000,175.23303000,1630140299999,8587160.66245940,16629,87.75402000,4300563.93149200,0
1630140300.0,48955.69000000,48968.84000000,48910.41000000,48914.96000000,136.52423000,1630141199999,6680522.17339150,16134,71.26421000,3487109.15675000,0
1630141200.0,48914.96000000,49023.76000000,48900.00000000,48973.77000000,182.55607000,1630142099999,8938091.32453750,6155,106.79099000,5229047.83957760,0
1630142100.0,48973.78000000,49000.00000000,48932.30000000,48956.22000000,163.54297000,1630142999999,8006803.16197600,6100,74.21848000,3633691.84658260,0
1630143000.0,48956.22000000,49068.35000000,48879.93000000,49014.23000000,318.08025000,1630143899999,15582469.13844210,8188,177.36226000,8690301.78503360,0
1630143900.0,49014.23000000,49014.24000000,48905.40000000,48918.64000000,200.92731000,1630144799999,9832400.87470650,6464,91.60966000,4482324.76511690,0
1630144800.0,48918.65000000,48969.03000000,48867.77000000,48961.94000000,236.56562000,1630145699999,11570432.51047440,8030,126.78833000,6201923.88774490,0
1630145700.0,48961.94000000,48961.94000000,48889.62000000,48945.15000000,164.80418000,1630146599999,8061435.76102970,5638,79.18063000,3873082.90274770,0
1630146600.0,48945.14000000,48948.00000000,48876.98000000,48902.80000000,166.01203000,1630147499999,8120182.55243620,5058,68.83045000,3366699.93724400,0
1630147500.0,48902.79000000,48940.64000000,48826.00000000,48830.01000000,189.54536000,1630148399999,9263948.23606580,5402,97.07427000,4744734.69285470,0
1630148400.0,48830.00000000,48884.99000000,48756.19000000,48791.27000000,292.85008000,1630149299999,14296780.34526080,8550,158.98692000,7761781.41531920,0
1630149300.0,48791.27000000,48873.63000000,48707.98000000,48746.84000000,334.10171000,1630150199999,16298786.58002520,7767,166.28455000,8112854.16529070,0
1630150200.0,48746.83000000,48822.64000000,48642.86000000,48696.58000000,429.57927000,1630151099999,20928658.89603400,9545,243.01131000,11840098.97588280,0
1630151100.0,48696.59000000,48804.44000000,48627.31000000,48674.72000000,393.22113000,1630151999999,19159425.68710060,8519,229.31490000,11173495.61773810,0
1630152000.0,48670.48000000,48866.00000000,48516.00000000,48774.86000000,513.09974000,1630152899999,24981129.04169190,12316,263.43800000,12828392.12709380,0
1630152900.0,48777.92000000,48875.25000000,48725.58000000,48738.04000000,286.03300000,1630153799999,13960661.47188060,8805,150.56198000,7348797.98365980,0
1630153800.0,48738.05000000,49200.00000000,48639.00000000,48829.11000000,1093.02556000,1630154699999,53378896.24639920,19815,732.17710000,35772713.59737310,0
1630154700.0,48829.12000000,48967.99000000,48827.41000000,48866.00000000,334.93043000,1630155599999,16379450.76925600,10473,171.93429000,8408378.81135190,0
1630155600.0,48866.00000000,48906.04000000,48809.91000000,48838.53000000,235.84075000,1630156499999,11522503.11994070,8243,133.87107000,6540721.69832470,0
1630156500.0,48838.54000000,48851.28000000,48711.01000000,48723.06000000,309.25948000,1630157399999,15083501.96502610,9704,156.78097000,7646166.59411470,0
1630157400.0,48723.05000000,48814.99000000,48700.00000000,48754.43000000,258.07016000,1630158299999,12579900.27568320,7635,161.38653000,7867134.16692760,0
1630158300.0,48754.43000000,48817.45000000,48680.00000000,48732.71000000,312.19480000,1630159199999,15216129.92686890,7329,137.72149000,6713398.78048980,0
1630159200.0,48732.72000000,48737.01000000,48531.00000000,48594.31000000,353.97238000,1630160099999,17208026.33150660,9474,175.70933000,8541149.68080760,0
1630160100.0,48594.32000000,48700.00000000,48537.21000000,48582.59000000,283.25857000,1630160999999,13773170.83806110,7298,177.44387000,8628063.43064480,0
1630161000.0,48582.59000000,48628.63000000,48346.88000000,48529.97000000,782.39882000,1630161899999,37927109.04307580,16463,337.80067000,16372786.54255490,0
1630161900.0,48529.97000000,48656.99000000,48433.24000000,48646.95000000,379.74446000,1630162799999,18436488.19840230,8746,177.55386000,8619860.99599060,0
1630162800.0,48646.96000000,48718.38000000,48500.58000000,48642.07000000,253.17455000,1630163699999,12308395.15773010,8646,116.85295000,5680739.73447380,0
1630163700.0,48642.07000000,48679.12000000,48535.00000000,48549.99000000,178.35918000,1630164599999,8663989.21062560,6757,83.52964000,4057610.71638730,0
1630164600.0,48550.00000000,48700.00000000,48550.00000000,48649.27000000,219.14922000,1630165499999,10658387.73300330,6938,134.87694000,6559491.69867300,0
1630165500.0,48649.28000000,48811.12000000,48649.27000000,48811.12000000,257.09331000,1630166399999,12531531.92887830,8367,148.95695000,7260471.92669890,0
1630166400.0,48811.12000000,48888.00000000,48710.00000000,48887.46000000,354.58542000,1630167299999,17303818.61047110,11619,182.00596000,8882449.01116700,0
1630167300.0,48887.47000000,49040.20000000,48853.76000000,49035.03000000,464.86390000,1630168199999,22763233.44567310,12422,284.82138000,13946978.03014980,0
1630168200.0,49035.02000000,49172.31000000,48981.99000000,49036.32000000,489.33010000,1630169099999,24014605.26473580,12340,255.71434000,12551131.36177620,0
1630169100.0,49036.32000000,49049.00000000,48921.74000000,48956.39000000,287.40965000,1630169999999,14076851.92397840,7268,115.53439000,5658761.33520930,0
1630170000.0,48956.40000000,49028.80000000,48908.39000000,48987.56000000,224.26143000,1630170899999,10981450.52579040,7103,102.68676000,5028543.72361270,0
1630170900.0,48987.56000000,49035.36000000,48907.44000000,48972.50000000,266.31482000,1630171799999,13042071.83873320,6607,144.05600000,7054623.65304980,0
1630171800.0,48972.50000000,49005.04000000,48917.50000000,48991.83000000,192.12273000,1630172699999,9407302.83881450,5650,93.81835000,4593667.42947730,0
1630172700.0,48991.82000000,48995.34000000,48950.76000000,48977.72000000,33.63091000,1630173599999,1647046.41475610,1285,22.67066000,1110292.00017990,0
